report_id,path,title,phase,date,class,status,sha256
phase38-00-master,generated/phase38-00-master.md,Phase 38 Master Orchestrator — Execution Summary and Phase 39 Roadmap,38,2026-08-25,GENERATED-AUDIT,PARTIAL,94a67bdc8313efdcc87b0acdd7f70a74ff4b0ef13839d84ead92f7e0690d9059
phase38-01-preflight,generated/phase38-01-preflight.md,Phase 38 Preflight — System State Snapshot,38,2026-08-25,GENERATED-AUDIT,COMPLETE,bb4eabf630aba89cb50aacc649d033d8476665264bff008a8a1caf2592cb2ce7
phase38-02-change-register,generated/phase38-02-change-register.md,Phase 38 Change Register — Gates and Approval Requirements,38,2026-08-25,GENERATED-AUDIT,COMPLETE,77893b88930f94b1b787135d01272e36702b25aa2879b8ed833ca5bee77d4d09
phase38-03-report-root-discovery,generated/phase38-03-report-root-discovery.md,Phase 38 Report Root Discovery — Canonical and Approved Paths,38,2026-08-25,GENERATED-AUDIT,COMPLETE,ab146b57ba350fa69e56905e65bf1e8dccd8c610a7f5a9ccc6bbeecf9db6aa5b
phase38-04-report-inventory,generated/phase38-04-report-inventory.md,Phase 38 Report Inventory — Complete File Catalog,38,2026-08-25,GENERATED-AUDIT,COMPLETE,986a3790309529cfd3ae37e2f83165d9b8f7ef3aaffe7c1e9400b56ea93867ff
phase38-05-report-hash-duplicates,generated/phase38-05-report-hash-duplicates.md,Phase 38 Report Hash Duplicates — SHA-256 Analysis,38,2026-08-25,GENERATED-AUDIT,COMPLETE,a68b1126d10589041b71b2c6f2330ac8f8af55440d996b5614bdfef5b1210a0d
phase38-06-report-near-duplicates,generated/phase38-06-report-near-duplicates.md,Phase 38 Report Near-Duplicates — Similarity Analysis,38,2026-08-25,GENERATED-AUDIT,COMPLETE,fabeca7c8fe07d79a2974ae497df49a54d83ec853ffaefea4ec35fee441921e1
phase38-07-report-schema,generated/phase38-07-report-schema.md,Phase 38 Report Schema — Required Metadata Definition,38,2026-08-25,AUTHORITATIVE-CURRENT (schema domain),COMPLETE,6358f6b1952920d8811ba186fe3757c2e4c6a7a3d08eb5087a75242bfe03c6cd
phase38-08-status-taxonomy,generated/phase38-08-status-taxonomy.md,Phase 38 Status Taxonomy — Normalized Status Values and Transition Rules,38,2026-08-25,AUTHORITATIVE-CURRENT (schema domain),COMPLETE,ae3b54fee352c68876cc8c8c06535a034b69386fdf978e55cbaa780369e50be9
phase38-09-claim-schema,generated/phase38-09-claim-schema.md,Phase 38 Claim Schema — Claim Definition and Verification Framework,38,2026-08-25,AUTHORITATIVE-CURRENT (schema domain),COMPLETE,37980d8dc4ac9c9ce11771c8102de83cfe03c7fe10d1e0b511e618011e7f8214
phase38-10-action-schema,generated/phase38-10-action-schema.md,Phase 38 Action Schema — Canonical Definition for Trackable Actions,38,2026-08-25,AUTHORITATIVE-CURRENT (schema domain),COMPLETE,ccc2e1c7874a45abe993518ab8336e508d7067a53b7a440b3f5c1abc04d77b6e
phase38-11-report-parse,generated/phase38-11-report-parse.md,"Phase 38 Report Parse — Corpus Extraction of Metadata, Claims, Metrics, and References",38,2026-08-25,GENERATED-AUDIT,COMPLETE,57e57ffd29fa24145415c14cc6843e4320ee464ef945b6f7574280115337563d
phase38-12-phase-chronology,generated/phase38-12-phase-chronology.md,Phase 38 Chronology — Date-Anchored Phase Timeline from Git History and File Metadata,38,2026-08-25,GENERATED-AUDIT,COMPLETE,d8c03bc292f591c24e7015612b81498f245e052a2e430478348659ab2791ca8a
phase38-13-current-state-claims,generated/phase38-13-current-state-claims.md,Phase 38 Current-State Claims — Live-Verified Claim Register with Sources and Status,38,2026-08-25,GENERATED-AUDIT,COMPLETE,ed4eac989e6eba418d77898e7000dea90a07171702f5f5cd9f508c45bdde692c
phase38-14-metric-history,generated/phase38-14-metric-history.md,Phase 38 Metric History — Time-Series-Ready Records from Explicit Reports and Git Log,38,2026-08-25,GENERATED-AUDIT,COMPLETE,e11b6adc4ad2321f1fa940583087aa5fd4e95dfcb105af8207349399ac282b1b
phase38-15-decision-history,generated/phase38-15-decision-history.md,"Phase 38 Decision History — Catalog of Approvals, Deferrals, Retirements, and Policy Decisions",38,2026-08-25,GENERATED-AUDIT,COMPLETE,09a446e44d25422f78be6b40276ea44f7500b7c39da1103973c8840745a889f9
phase38-16-applied-change-history,generated/phase38-16-applied-change-history.md,"Phase 38 Applied-Change History — Mutation Ledger with Path, Backup, Validation, and Effectiveness",38,2026-08-25,GENERATED-AUDIT,COMPLETE,5b643ccda6efad340c554c1b972e7fc1bf7307cc537b1703088c760e7300efe4
phase38-17-risk-history,generated/phase38-17-risk-history.md,"Phase 38 Risk History — Risk Register with First/Last References, Status Transitions, and Currency",38,2026-08-25,GENERATED-AUDIT,COMPLETE,66230126183ef2376496044d084fdd1a3030360ea1198d0b7ed64f6dca58a0d3
phase38-18-recommendation-history,generated/phase38-18-recommendation-history.md,Phase 38 Recommendation History — Traceability of Every Roadmap/Action Recommendation Across Phases,38,2026-08-25,GENERATED-AUDIT,COMPLETE,cd59e5b11e5fce7af371e7c58e889c716f35cb4e3de37fdfcab759f939050a5a
phase38-19-evidence-root-inventory,generated/phase38-19-evidence-root-inventory.md,"Phase 38 Evidence Root Inventory — Referenced Evidence Files, Hashes, Logs, Configs, Snapshots, and Bundles with Missing-Reference Flags",38,2026-08-25,GENERATED-AUDIT,COMPLETE,2a9fa9ff1dcdd5bfd85012eb6d3566f805a716b2f99e26cbae3354450520c774
phase38-20-path-link-validation,generated/phase38-20-path-link-validation.md,Phase 38 Path/Link Validation — Internal References Checked Against Live Repository and Filesystem,38,2026-08-25,GENERATED-AUDIT,COMPLETE,2e2b043ead877370c1d0dcb2c834b89e37e61272b3ffd2dd5fe90f3d26ea4ea6
phase38-21-release-claim-verification,generated/phase38-21-release-claim-verification.md,(untitled - legacy format),38,2026-08-25,GENERATED-AUDIT,UNKNOWN,6335735660f7b894cf84eefb62d179f1cd8d0377f937097e0d3f79af4c9dd399
phase38-22-health-ci-verification,generated/phase38-22-health-ci-verification.md,(untitled - legacy format),38,2026-08-25,GENERATED-AUDIT,UNKNOWN,1f600c8d65b387132071cd1717a39e27410e95dbc37dae147919d5b43f5e3524
phase38-23-shuffle-claim-verification,generated/phase38-23-shuffle-claim-verification.md,(untitled - legacy format),38,2026-08-25,GENERATED-AUDIT,UNKNOWN,d51ad080aa6a24f273a6034e6dcb0b5f030526a18f589002bc6215b0db5a44d6
phase38-24-packet-claim-verification,generated/phase38-24-packet-claim-verification.md,(untitled - legacy format),38,2026-08-25,GENERATED-AUDIT,UNKNOWN,3a07b7673e9975bb54662eaf60c684aa6b82f5b80ab8d1c5ada49aa6b8490677
phase38-25-field-claim-verification,generated/phase38-25-field-claim-verification.md,(untitled - legacy format),38,2026-08-25,GENERATED-AUDIT,UNKNOWN,95b3ec75af6866ef41d198b29ec44ed9d5816922eff776362892973cd8937123
phase38-26-retention-claim-verification,generated/phase38-26-retention-claim-verification.md,(untitled - legacy format),38,2026-08-25,GENERATED-AUDIT,UNKNOWN,79dc9c9556ddd51f013d7c4b91fce63f59a31d338d2a50d5076005ab1c63b641
phase38-27-endpoint-claim-verification,generated/phase38-27-endpoint-claim-verification.md,(untitled - legacy format),38,2026-08-25,GENERATED-AUDIT,UNKNOWN,baaea200f76a8de856dc16dec5349135a35ca617e89242bf17e722c58129907f
phase38-28-tmp-claim-verification,generated/phase38-28-tmp-claim-verification.md,(untitled - legacy format),38,2026-08-25,GENERATED-AUDIT,UNKNOWN,f6713731d35fc99fbc0b43040bbe14eae4a31245b3513dd49833f267d9c14c40
phase38-29-deployability-claim-verification,generated/phase38-29-deployability-claim-verification.md,(untitled - legacy format),38,2026-08-25,GENERATED-AUDIT,UNKNOWN,26cf376cbec862e34d278bf06e3b0e3d7bbbb858845bfe1355ecdd902884610c
phase38-30-credential-owner-verification,generated/phase38-30-credential-owner-verification.md,(untitled - legacy format),38,2026-08-25,GENERATED-AUDIT,UNKNOWN,3890be9faf8ccb1b29cf383cbc14a03add1c583bb73e51624fb525cd4623d258
phase38-31-contradiction-scan,generated/phase38-31-contradiction-scan.md,(untitled - legacy format),38,2026-08-25,GENERATED-AUDIT,COMPLETE,c6a48f01e5eeaac6d84e439c498358cc0a69d1337678d2f07cb3e321e8d84558
phase38-32-stale-claim-scan,generated/phase38-32-stale-claim-scan.md,(untitled - legacy format),38,2026-08-25,GENERATED-AUDIT,COMPLETE,18f81d4ea48cfb5c79f1f2e5af124a5ba78380156e3a321f8d46735e54f38118
phase38-33-unverified-claim-scan,generated/phase38-33-unverified-claim-scan.md,(untitled - legacy format),38,2026-08-25,GENERATED-AUDIT,COMPLETE,abd65e9f3a793d862a83373c38e06e85af4b0b04a1cb55ab6f1b53c4ac5e4cb2
phase38-34-missing-artifact-scan,generated/phase38-34-missing-artifact-scan.md,(untitled - legacy format),38,2026-08-25,GENERATED-AUDIT,COMPLETE,a5409a19b6e41aa535785eb2edc520d835d4dd4932246968b8d657bc2abefa11
phase38-35-incomplete-work-scan,generated/phase38-35-incomplete-work-scan.md,(untitled - legacy format),38,2026-08-25,GENERATED-AUDIT,COMPLETE,a778c18e35cf47ca57c1d1f86b3e3c7001fa058a8388ca143258a4ad9b83d3d7
phase38-36-duplicate-action-scan,generated/phase38-36-duplicate-action-scan.md,(untitled - legacy format),38,2026-08-25,GENERATED-AUDIT,COMPLETE,978c5fff0e6ef87dae5cfe2495b319be32e4679d9187519bd3fc748951e1cdd8
phase38-37-status-consistency,generated/phase38-37-status-consistency.md,(untitled - legacy format),38,2026-08-25,GENERATED-AUDIT,COMPLETE,5d6e1958072b566c0e395f15d46d0902e9c74b1d4ce0485bd8503dc334b82b45
phase38-38-date-id-consistency,generated/phase38-38-date-id-consistency.md,(untitled - legacy format),38,2026-08-25,GENERATED-AUDIT,COMPLETE,567f88bb522fb507bd13b289078b81e7c783450aab6e311bc5a8c57e0f45c98d
phase38-39-metric-consistency,generated/phase38-39-metric-consistency.md,(untitled - legacy format),38,2026-08-25,GENERATED-AUDIT,COMPLETE,c8f30a93e7133c3924c1f341cf72c1661cc0d107f8e0f4c2d50a738924da7c2d
phase38-40-security-claim-audit,generated/phase38-40-security-claim-audit.md,(untitled - legacy format),38,2026-08-25,GENERATED-AUDIT,COMPLETE,a52a7583c1d9ec183dc122183ffdb1437a0f9eeb086f6904daf6e4c0c03a53d5
phase38-41-coverage-matrix,generated/phase38-41-coverage-matrix.md,(untitled - legacy format),38,2026-08-25,GENERATED-AUDIT,COMPLETE,0ff78a821bfbf2388438827949ecb96b5f52775ae9135a00f17ce317d2464df9
phase38-42-gap-priority,generated/phase38-42-gap-priority.md,(untitled - legacy format),38,2026-08-25,GENERATED-AUDIT,COMPLETE,2a8e3f395897185b9d05b9db801fa6efdbb3203f3244146e35d5390960c0ad98
phase38-43-generate-corpus-audit,generated/phase38-43-generate-corpus-audit.md,"Complete Corpus Audit — Scope, Inventory, Methodology, Findings, Limitations, Evidence Map",38,2026-08-25,GENERATED-AUDIT,COMPLETE,fac02d729ad21ff7089842254e3d263f16e5a706fc39372ab888f4d005b712c0
phase38-44-generate-contradictions,generated/phase38-44-generate-contradictions.md,"Contradictions Register — One Record Per Conflict, Adjudicated Against 2026-08-25 Live State",38,2026-08-25,GENERATED-AUDIT,COMPLETE,664c63d68d8512f1a1c95fc3388853690ea510fd2851771cfbda2de5667780ce
phase38-45-generate-stale,generated/phase38-45-generate-stale.md,"Stale / Superseded Claim Registry — Historical Statement → Canonical Replacement, with Chronology",38,2026-08-25,GENERATED-AUDIT,COMPLETE,bcdc7d8a443cec46ef951e282b43ec1238ab5712f8a89238cb07256ce1f79ad0
phase38-46-generate-missing,generated/phase38-46-generate-missing.md,"Missing, Broken, or Inaccessible Artifacts — Impact, Recovery, Certification Blocking",38,2026-08-25,GENERATED-AUDIT,COMPLETE,013c7675263ec860c6fe8a4816757f00a06b8d26d2735e8e5f08f115cb8df03c
phase38-47-generate-openwork,generated/phase38-47-generate-openwork.md,"Open-Work Register — Deduplicated Actions (ACT = do-now, BCK = backlog) with Acceptance and Rollback",38,2026-08-25,GENERATED-AUDIT,COMPLETE,3c78d9d7106e425dab3bc166803e03e1c0eadcedfb92cb35f65209e679e4e484
phase38-48-generate-chronology,generated/phase38-48-generate-chronology.md,"Authoritative Timeline — Major Changes, Decisions, Regressions, Incidents, Releases, Carryover",38,2026-08-25,GENERATED-AUDIT,COMPLETE,07463acd3c12a1a8031fe7f8d1d9048e0c5b3fe422a7ee9d1efbfc1b4fe0ef1d
phase38-49-generate-current-state,generated/phase38-49-generate-current-state.md,"THE Canonical Current State — Verified 2026-08-25, Single Source of Truth",38,2026-08-25,GENERATED-AUDIT,COMPLETE,788dced90849f8c70fc0f919954a5a7a431cc5e1a08b7168352b6b6763a8acf4
phase38-50-generate-verification-ledger,generated/phase38-50-generate-verification-ledger.md,"Claim Ledger — The ~50 Most Consequential Claims, Adjudicated",38,2026-08-25,GENERATED-AUDIT,COMPLETE,3b8ab3f18bb8fb9f822e4aaba5e06d43734f15c0fc93a521a95bc11ff2bf407c
phase38-51-generate-metric-ledger,generated/phase38-51-generate-metric-ledger.md,Metric History — Values Over Time with Conflict Flags (Markdown + CSV),38,2026-08-25,GENERATED-AUDIT,COMPLETE,5a70dce9a6cbcda8eb2d75c92f89d7e22fe4343ff018201021ba9b116821b939
phase38-52-generate-decision-ledger,generated/phase38-52-generate-decision-ledger.md,"Decision History — Type, Description, Supersession, Effect-Today (Markdown + JSON)",38,2026-08-25,GENERATED-AUDIT,COMPLETE,2ef7f3aa03894657b1007fb91178aa483d50449bd8ba9763d8b9b767631e3683
phase38-53-generate-evidence-ledger,generated/phase38-53-generate-evidence-ledger.md,"Evidence Catalog — Paths, Hashes, Availability, Classification, Referenced-By (Markdown + JSON)",38,2026-08-25,GENERATED-AUDIT,COMPLETE,3c67d1a2b8e412c2a7fdb94291c586fdff1103bb78ab0de203944947507f3140
phase38-55-canonical-structure-design,generated/phase38-55-canonical-structure-design.md,Phase 38 Canonical Structure Design — Target Directory Tree for the Report Corpus,38,2026-08-25,GENERATED-AUDIT,PASS,66fcb09152c7f8fb1e9037ac0abafe463dd8ecc6dd783b4e91ee0416e0a6220b
phase38-56-naming-standard,generated/phase38-56-naming-standard.md,Phase 38 Naming Standard — Deterministic Lowercase Filenames for the Report Corpus,38,2026-08-25,GENERATED-AUDIT,PASS,eabed26b6eb9a65eb8b5bad03eab5583d3d467119f5d57f64b13101926a52625
phase38-57-authority-model,generated/phase38-57-authority-model.md,"Phase 38 Authority Model — Document Classes, Precedence, and Promotion Rules",38,2026-08-25,GENERATED-AUDIT,PASS,245eef488519bc6888d71ce62489c3bfc3c7b391dbe41d501d4e425d52dee228
phase38-58-retention-classification,generated/phase38-58-retention-classification.md,Phase 38 Retention Classification — Corpus-Wide Classes and DO-NOT-DELETE Policy,38,2026-08-25,GENERATED-AUDIT,PASS,a2c59f18f0de9f2f7807f12f81b7297448d23b9639c454f1611e8bbc99ac7670
phase38-59-migration-plan,generated/phase38-59-migration-plan.md,Phase 38 Non-Destructive Migration Plan — Copy-First Restructure of the Report Corpus,38,2026-08-25,GENERATED-AUDIT,PASS,4d141ac4b4f2bf26bf768a31e2d5a45bba1cb071854de87f8098e4568886bb56
phase38-60-canonical-index,generated/phase38-60-canonical-index.md,Phase 38 Canonical Index — Human-Readable INDEX.md Blueprint,38,2026-08-25,GENERATED-AUDIT,PASS,11eae38f63c5bf45256297e4acfa6d9cd39f5e1d9cdd009cb09618f39ea01f25
phase38-61-machine-catalog,generated/phase38-61-machine-catalog.md,Phase 38 Machine Catalog — catalog-reports.json / .csv Generation,38,2026-08-25,GENERATED-AUDIT,PASS,b57e942d9fd55957657a4fb2427d6ac1761a781c797a74184469a0808493b7fb
phase38-62-source-map,generated/phase38-62-source-map.md,Phase 38 Source Map — original_path → canonical_path Mapping with Supersession Chains,38,2026-08-25,GENERATED-AUDIT,PASS,2d13180f68af0825ea1a5e99442c330f16cee4564ab8399691b95c8014228084
phase38-63-backlink-map,generated/phase38-63-backlink-map.md,"Phase 38 Backlink Map — Dependency Edges, Orphan Candidates",38,2026-08-25,GENERATED-AUDIT,PARTIAL,289a6f22fd42f6da55cbf8ecbbcdc973bd400ca3b1b16f9b3ab781ada57082b8
phase38-64-readme-navigation,generated/phase38-64-readme-navigation.md,Phase 38 Operator README — Where Is the Truth and How to Navigate the Corpus,38,2026-08-25,GENERATED-AUDIT,PASS,ac11d9b241cafcd3cbf3c0cc4db1e9756bb911b2577371388098eb0b38b57d9e
phase38-65-templates,generated/phase38-65-templates.md,Phase 38 Templates — Normative Skeletons for All Report Types,38,2026-08-25,GENERATED-AUDIT,PASS,fb76d014d97c9554819c3d6f654b08f6ea6c1982244ef22edaa2b4c65f0e8b19
phase38-66-schema-validation,generated/phase38-66-schema-validation.md,Phase 38 Schema Validation — Metadata Marker and Status-Enum Audit of Generated Reports,38,2026-08-25,GENERATED-AUDIT,PASS,b4d7d51b655b1722373af23ed285c9f16f0a0dd51488eb65b9d89a448ce09953
phase38-67-link-rewrite-plan,generated/phase38-67-link-rewrite-plan.md,(untitled - legacy format),38,2026-08-25,GENERATED-AUDIT,PLAN-ONLY,8e301af43bee0560e0accb1585bfa91b244a1729de050cc1365557646aacd782
phase38-68-migration-dryrun,generated/phase38-68-migration-dryrun.md,(untitled - legacy format),38,2026-08-25,GENERATED-AUDIT,DRY-RUN-COMPLETE,a0433f6515dbb89b2edfda7bc3ec11252f378fd5926cb0b2fb818f1150cd3cbc
phase38-69-migration-apply,generated/phase38-69-migration-apply.md,(untitled - legacy format),38,2026-08-25,GENERATED-AUDIT,DEFERRED — PENDING OPERATOR APPROVAL,b3d62fb630ab58c509005b2a9f964ee2128a9c5740fa008520f18bcb93083c2d
phase38-70-migration-verify,generated/phase38-70-migration-verify.md,(untitled - legacy format),38,2026-08-25,GENERATED-AUDIT,TEMPLATE — Migration not yet applied,3b0dded33f7a3025a5fb3ecf67a2fd348a5841001db76246cccfdfbbf1e03179
phase38-71-report-ci,generated/phase38-71-report-ci.md,(untitled - legacy format),38,2026-08-25,GENERATED-AUDIT,DESIGN-COMPLETE,cc47a54c8885018ecd4ee2e5b813a9e724f2fe56bd9756b052bb35b807283296
phase38-72-report-drift,generated/phase38-72-report-drift.md,(untitled - legacy format),38,2026-08-25,GENERATED-AUDIT,DESIGN-COMPLETE,fba38d88d54a6a9f0523f19b012b4769fce5174a49954563b7797a7e290e1ced
phase38-73-shuffle-hardening,generated/phase38-73-shuffle-hardening.md,(untitled - legacy format),38,2026-08-25,GENERATED-AUDIT,PLAN-DEFERRED — Requires operator approval,155d7a125b6f53cd563373880d9d9fef6fead6420584f8f09c668efeb41c4dc3
phase38-74-shuffle-inventory,generated/phase38-74-shuffle-inventory.md,(untitled - legacy format),38,2026-08-25,GENERATED-AUDIT,DOCUMENTED,26b5960fe1ee17a63796699727351394f0b101fbd0734aaa61ef216743115c93
phase38-75-packet-workflow,generated/phase38-75-packet-workflow.md,(untitled - legacy format),38,2026-08-25,GENERATED-AUDIT,DESIGN-COMPLETE — Requires Shuffle UI for creation,2117631eb6e4324661d3f6bf8d6f0c875612de1e4a23981271329ecb03cb31bb
phase38-76-packet-workflow-proof,generated/phase38-76-packet-workflow-proof.md,(untitled - legacy format),38,2026-08-25,GENERATED-AUDIT,METHODOLOGY-COMPLETE — Requires workflow creation first,cb6e08cf994e5e6c5a3e5547698a6e016771298c35e53f09fb3c0dae7fbf84aa
phase38-79-retention-verification,generated/phase38-79-retention-verification.md,(untitled - legacy format),38,2026-08-25,GENERATED-AUDIT,UNKNOWN,37e6f642b82b63d3197ea723ad50ea0dbfdb26560675d8621f85f408813ecc6b
phase38-80-endpoint-status,generated/phase38-80-endpoint-status.md,(untitled - legacy format),38,2026-08-25,GENERATED-AUDIT,UNKNOWN,026bc004af196533a74eb64963dee2fe8fdf573892689c718f2753ddd067e870
phase38-81-tmp-validation,generated/phase38-81-tmp-validation.md,(untitled - legacy format),38,2026-08-25,GENERATED-AUDIT,UNKNOWN,3b3f14193c89d0bb8ac32b50b6a77373d7a6e4fb8564be702ed8b1b5066a6f8b
phase38-82-code-audit,generated/phase38-82-code-audit.md,(untitled - legacy format),38,2026-08-25,GENERATED-AUDIT,UNKNOWN,688ad4f5f7ea797ded27646f28b539dbba42eae50ce7274dc8db2b12b3c6fea7
phase38-90-backlog,generated/phase38-90-backlog.md,Phase 38 Consolidated Backlog — Prioritized Action Items,38,2026-08-25,GENERATED-AUDIT,COMPLETE,fb92d9a3a5c36c19825497970c0d0c51647dcd1bf58d45f650d4feae38c2cc8a
phase38-91-billing,generated/phase38-91-billing.md,Phase 38 Billing Assessment — Service Delivery and Billable Coverage,38,2026-08-25,GENERATED-AUDIT,COMPLETE,95755c5ae320ea8a3425462da579927b90b2e1fe04a9607f48e13a0e23042057
phase38-92-scorecard,generated/phase38-92-scorecard.md,Phase 38 Scorecard — Internal and CLIENT-SAFE Metrics,38,2026-08-25,GENERATED-AUDIT,COMPLETE,0ed389908465bd7a656876ea8088bb34d55f6598fe6e998aa4f81660483ee4ea
phase38-93-monthly,generated/phase38-93-monthly.md,Phase 38 Monthly Operations Report,38,2026-08-25,GENERATED-AUDIT,COMPLETE,30aad22a9671e82b6d75202bd6bacb948d32d3c1b18795ec262441a1df88d382
phase38-94-deployability,generated/phase38-94-deployability.md,Phase 38 Deployability Assessment — Production Readiness Evaluation,38,2026-08-25,GENERATED-AUDIT,COMPLETE,d8c407b0b3da1229ae3789c3d80d7f3500808a3881f54f828bd2c532416a5812
phase38-95-release-assurance,generated/phase38-95-release-assurance.md,Phase 38 Release Assurance — v1.3.0 Integrity Verification,38,2026-08-25,GENERATED-AUDIT,COMPLETE,b1d7f64503feb7cf22c40b1a9c45b5d81a11ae260c747e44b005e250744316a2
phase38-96-repo,generated/phase38-96-repo.md,Phase 38 Repo Assessment — Code/Report Gates and Commit Status,38,2026-08-25,GENERATED-AUDIT,COMPLETE,e4bea310c5dcc380b9bef988349abd54a41c9e794d6e3827fc442d9df48c06ea
phase38-54-generate-remediation,generated/phase38-54-generate-remediation.md,"Corrective Plan — Report Gaps + Operational Gaps Merged, Prioritized",39,2026-08-25,GENERATED-AUDIT,COMPLETE,45faca82e20538781f2000d5f0774d5119ca939f6654bd35eb81bcaf8ae90286
phase38-77-routing-decision,generated/phase38-77-routing-decision.md,Phase 38-77 Production Routing Decision — DEFERRED to Phase 39 with Pre-Approval Requirements,39,2026-08-25,GENERATED-AUDIT,DEFERRED,b5e083136f339a621510766f77772638a08320b414240d12bface9229f4e1965
phase38-78-field-resolution,generated/phase38-78-field-resolution.md,"Phase 38-78 ""Limit of total fields [1000]"" Resolution — Indexer Mapping Limit Fixed via Index Template",39,2026-08-25,GENERATED-AUDIT,COMPLETE,f1d37f73ae37affb89b6ce5cb356c004926ee3b13943b1a358f0e2e2dd5ee9ca
phase38-83-infra-audit,generated/phase38-83-infra-audit.md,Phase 38-83: Infrastructure Audit Report,39,2026-08-25,GENERATED-AUDIT,COMPLETE,ca4791def7953af442ea22a41afa9c9a06aae22cc6892ec967dbadbf5dba8245
phase38-84-security-audit,generated/phase38-84-security-audit.md,Phase 38-84: Security Audit Report,39,2026-08-25,GENERATED-AUDIT,COMPLETE,66362cce31ed6a374a4f41cf960afcf55a38523bda97cbd8af1635bca527d4c0
phase38-85-performance-audit,generated/phase38-85-performance-audit.md,Phase 38-85: Performance Audit Report,39,2026-08-25,GENERATED-AUDIT,COMPLETE,b7b0eb154c5cdad680339f00a55e0bd7499665ce7d207bbc4d5b0e5f9a4491de
phase38-86-detection-audit,generated/phase38-86-detection-audit.md,Phase 38-86: Detection Audit Report,39,2026-08-25,GENERATED-AUDIT,COMPLETE,08ba585fe575c831ad16022c95a3a96d1bdbbf4630914f121dad40d000265f74
phase38-87-usability-audit,generated/phase38-87-usability-audit.md,Phase 38-87: Usability Audit Report,39,2026-08-25,GENERATED-AUDIT,COMPLETE,e84ca5166ba746ad4545441e98bf7ff9c5306e9da8e7e089a07b83e3be68e154
phase38-88-docs-governance,generated/phase38-88-docs-governance.md,Phase 38-88: Documentation & Governance Audit Report,39,2026-08-25,GENERATED-AUDIT,COMPLETE,c46b0a83a25f747a224efc941e6859cf071da22f512dc2674f5bc6d2ca9ad482
phase38-89-full-drift,generated/phase38-89-full-drift.md,Phase 38-89: Full Drift Reconciliation Report,39,2026-08-25,GENERATED-AUDIT,COMPLETE,04902d9249d4abf6f570d50c4b390f15c47d2d3d089c7812209eb9b255a7aeaf
phase39-00-master,generated/phase39-00-master.md,"Phase 39 Master Orchestrator — Credential Remediation Arc Scope, Execution Order, and Verdict Approach",39,2026-08-25,GENERATED-AUDIT,COMPLETE,c778e460835fc9e179d8d07c66511f2c2556bb8e0af0b86cdd7036269944ae39
phase39-01-preflight,generated/phase39-01-preflight.md,Phase 39 Preflight — Live State Freeze for the Credential Remediation Arc,39,2026-08-25,GENERATED-AUDIT,COMPLETE,6f3834f1fb98a67be7ad55f2be8beb62d1973fb538eb30975957269275a721d6
phase39-02-change-register,generated/phase39-02-change-register.md,Phase 39 Change Register — Gates G1–G12 (Credential Remediation Arc),39,2026-08-25,GENERATED-AUDIT,COMPLETE,2e67a207053601f6c2d57b78bcb3e0890ba19984dae6d7d1b832f4eabeb172aa
phase39-03-credential-incident,generated/phase39-03-credential-incident.md,INC-39-01 — Confirmed Disclosure of Shuffle Admin Bearer and IRIS Bearer in Repo-Tracked Artifacts,39,2026-08-25,GENERATED-AUDIT,COMPLETE,08fcf463e44cc65610dfd673b407a2c03978380b5aaebe9108b15fb31920014b
phase39-04-token-dependency-map,generated/phase39-04-token-dependency-map.md,"Dependency Map — Old Shuffle Admin Bearer and IRIS Bearer (Locations, Consumers, Post-Rotation Status)",39,2026-08-25,GENERATED-AUDIT,COMPLETE,89595ad6b1d3c41c91b1a257cbd7cde1449b3bd0d1004eac2f44a362d85c07c2
phase39-05-token-backup-plan,generated/phase39-05-token-backup-plan.md,Pre-Rotation Backup Inventory and Forward-Only Rollback Policy for ROT-39-01,39,2026-08-25,GENERATED-AUDIT,COMPLETE,eba8efae18a174add29f3f6cdcb9c888ed8e1a4952a2d1c614c1367d46f9f205
phase39-06-token-rotate,generated/phase39-06-token-rotate.md,ROT-39-01 — Shuffle Admin Bearer Rotation via Datastore Update + Backend Restart,39,2026-08-25,GENERATED-AUDIT,COMPLETE,dedfd3af397ee7a5fe5ad3b0214a0955fb31560f661902b6820ee545e2acba61
phase39-07-token-invalidate,generated/phase39-07-token-invalidate.md,INV-39-01 — Empirical Proof That the Old Shuffle Admin Bearer Is Rejected Post-Restart,39,2026-08-25,GENERATED-AUDIT,PASS,94a502344e75db48e31c3da68695930236596fa64784fb46ff7c25e15552ccdd
phase39-08-token-workflow-re-auth,generated/phase39-08-token-workflow-re-auth.md,REA-39-01 — Post-Rotation Verification That Workflows Authenticate Outbound With the IRIS Bearer (Not the Rotated Shuffle Bearer),39,2026-08-25,GENERATED-AUDIT,PASS,436fdf9624b913d83e5d9367a9bb0a658176dee02f459ec87b7be825fcf4617e
phase39-09-secret-location-redaction,generated/phase39-09-secret-location-redaction.md,RED-39-01..N — Tracked-File Redaction Inventory With Before/After Hashes,39,2026-08-25,GENERATED-AUDIT,COMPLETE,327118277513ac8d35257d3a00e139303d7af5dd5493e465229551a9d913b9ce
phase39-10-secret-recursion-scan,generated/phase39-10-secret-recursion-scan.md,"Recursive Secret Scan — Patterns, Scope, Counts-Only Findings, and Residual Risk Register",39,2026-08-25,GENERATED-AUDIT,COMPLETE,b3278a5b4bce4536f2b8e4c13b336e559d05bdb7e25fdd56c2d3f0ca5b231ab0
phase39-11-rehash-refresh,generated/phase39-11-rehash-refresh.md,"Rehash Record — sha256 Recomputation for Sanitized Artifacts, Catalog Row Bumps, Export SUMS Refresh",39,2026-08-25,GENERATED-AUDIT,COMPLETE,0b4af7c118e666f606ffa3654d0eac66991949c25a9a0ac330cc7a4a5a5d9d3a
phase39-12-report-ci-green,generated/phase39-12-report-ci-green.md,"Report Corpus CI Recovery — p38-report-ci.sh Runs, Finding Classification, Final Verdict",39,2026-08-25,GENERATED-AUDIT,PASS,6ddd9e44d0a70e8502daf5a4265ec2423e3cf4599cda6fe2664bc3242df816f8
phase39-13-shuffle-exposure-baseline,generated/phase39-13-shuffle-exposure-baseline.md,EXP-39-01 — Shuffle Frontend Exposure Baseline (Pre/Post Interface-Binding Hardening),39,2026-08-25,GENERATED-AUDIT,COMPLETE,5bea87acccd1b7d570ac6a084acdbd20b123f9cf09fafeab51f5fb3fb7c1c4a7
phase39-14-shuffle-hardening-design,generated/phase39-14-shuffle-hardening-design.md,DES-39-01 — Frontend Exposure Control Selection: Options Evaluation and Chosen Minimum Durable Control,39,2026-08-25,GENERATED-AUDIT,APPROVED-APPLIED,ac74e71d99d8418b6febeec3dd69c98cf5e3b5152f0817139a5a6964573eaf15
phase39-15-shuffle-firewall-apply,generated/phase39-15-shuffle-firewall-apply.md,FW-39-01 — Apply Record: Honest Reframe from Firewall to Bind-Address Hardening (Interface-Only Publish),39,2026-08-25,GENERATED-AUDIT,APPLIED (fallback mechanism — see §1),753e84d55bfa3f5249930dfb5ed8d697022873afc5eb5b551c183fe561cabb34
phase39-16-shuffle-tls-apply,generated/phase39-16-shuffle-tls-apply.md,TLS-39-01 — TLS Termination: NOT APPLIED (DEFERRED to P40) With Prepared Design,39,2026-08-25,GENERATED-AUDIT,DEFERRED (P40),3a915b41fef9ba8300aa929d7298edcb1392a98aa22eb447111c05ead69946d6
phase39-17-shuffle-authorized-test,generated/phase39-17-shuffle-authorized-test.md,AUTHZ-39-01 — Authorized-Path Validation Post Interface-Binding Change,39,2026-08-25,GENERATED-AUDIT,PASS,2afff00df1015d380ee9b6a1859b3544d9692117c444368b7f6ef74c5fc18cb0
phase39-18-shuffle-unauthorized-test,generated/phase39-18-shuffle-unauthorized-test.md,DENY-39-01 — Unauthorized-Path Blocking Validation (Interface-Level Scope),39,2026-08-25,GENERATED-AUDIT,PASS-WITH-SCOPE,148aa6777413716e3deb6d36fa4893119fe380cd9e18253b32f316836a16fc8e
phase39-19-shuffle-persistence,generated/phase39-19-shuffle-persistence.md,PERS-39-01 — Binding Persistence Across Lifecycle Events (Recreate Proven / Reboot Pending),39,2026-08-25,GENERATED-AUDIT,PASS (reboot test documented as follow-up),9d798e3b4be82fdb36abaf843e3ea6b81febff7b11acb7e02cb08e462d55e066
phase39-20-shuffle-security-report,generated/phase39-20-shuffle-security-report.md,SHUFFLE-SEC-39-01 — Shuffle Exposure Hardening Certification (Arc Summary),39,2026-08-25,GENERATED-AUDIT,PARTIAL-PASS,01e800beff42bc8da2afdf307b2cc2c359a4900c4d03e37521a64989a66e71f4
phase39-21-field-template-baseline,generated/phase39-21-field-template-baseline.md,"Field-Limit Template Baseline — `wazuh-archives-fieldlimit` Body, Priority/Overlap Audit, and Pre-Proof Rejection Counters",39,2026-08-25,GENERATED-AUDIT,COMPLETE,cd2dc203af6c8a6a96ad6fa68e2d545360a6644f44f0416bc4004e9415dbabae
phase39-22-new-index-detection,generated/phase39-22-new-index-detection.md,"First Post-Fix Index Detection — `wazuh-archives-4.x-2026.08.26` Creation Window, Capture Checklist, and Ready-to-Run Verification Script",39,2026-08-25,GENERATED-AUDIT,PENDING,925fd6202049aee4a0d252ef8188dfde88af3b20af27757e67800ee1f8bc1ea3
phase39-23-field-setting-proof,generated/phase39-23-field-setting-proof.md,"Field-Limit Setting Inheritance Proof — Criteria, Conflict Flags, and Pre-Captured Evidence (Awaiting 2026.08.26 Creation)",39,2026-08-25,GENERATED-AUDIT,PENDING,c7f4cbf299dd0b86d9de88ef9ad88d9bce40140aab4bdda88788085975553e21
phase39-24-field-rejection-proof,generated/phase39-24-field-rejection-proof.md,"Rejection-Flatline Proof Method — Before/After Counter Design, Expected Stop Signature, and Tail-End Caveat (Awaiting 2026.08.26 Roll)",39,2026-08-25,GENERATED-AUDIT,PENDING,6942bb9f67adb1110035d7c51ad92d0ea9a0ed336d05e27e6edf60d2a871f543
phase39-25-field-ingest-proof,generated/phase39-25-field-ingest-proof.md,"Ingest-Health Proof Method — Suricata Archive Landing, Sample-Field Searchability, Queue Health, and Growth-Rate Baselines (Awaiting 2026.08.26 Roll)",39,2026-08-25,GENERATED-AUDIT,PENDING,687d52bcbefe47b4c39a2cc5ff3bc845806e9cceb4c88f72d4a477b44e6f4edf
phase39-26-field-growth-audit,generated/phase39-26-field-growth-audit.md,"Mapped-Field Growth Audit — Saturation at the 1000 Ceiling Proven on 08.23–08.25, Branch Analysis, and Warning Thresholds",39,2026-08-25,GENERATED-AUDIT,COMPLETE,5c86a06c5c0fed04471f5b4b8ed4d3968f9f9e7cff9dfe92153f55dbfb3bac54
phase39-27-field-template-rollback,generated/phase39-27-field-template-rollback.md,"Rollback and Alternatives — Safe Template Removal, Cardinality-Reduction Options, Priority-Conflict Playbook, and Strategy Escalation Triggers",39,2026-08-25,GENERATED-AUDIT,COMPLETE,198bee6eb384941d1d4ae8bdbd7242589832d238fe714287e7984929438753c6
phase39-28-field-fix-certification,generated/phase39-28-field-fix-certification.md,"Field-Limit Fix Certification — Sub-Verdicts (Root Cause, Application, Effectiveness, Rollback), Flip Conditions, and Scheduled Verification",39,2026-08-25,GENERATED-AUDIT,PENDING-FINAL-PROOF,2f7e4abce74304560643baf3e133947efc7cd2b8731ec421cb7630487fa7001a
phase39-29-iris-failure-baseline,generated/phase39-29-iris-failure-baseline.md,"Failure Class Extraction for the Wazuh→IRIS Delivery Path — Exception Signature, Affected Population, Network Environment Matrix, and Era Comparison",39,2026-08-25,GENERATED-AUDIT,COMPLETE,751a00d3b10ade88fefe5dcdcd5938b9141a2af6a28dc9510cfa4719bcb767b7
phase39-30-dns-path-audit,generated/phase39-30-dns-path-audit.md,Resolver Comparison and Network Topology Audit — Why `iriswebapp_nginx` Resolved Everywhere Except Where Executions Actually Run,39,2026-08-25,GENERATED-AUDIT,COMPLETE,662234c5218b310bed81adae9c3184af7b52265f8888b2c8d43024ee96165eb7
phase39-31-iris-service-audit,generated/phase39-31-iris-service-audit.md,"IRIS Service Stack Health, Listener, API Contract, and Auth Audit — Failures Were DNS+Header-Layer Only",39,2026-08-25,GENERATED-AUDIT,COMPLETE,4283b44d9b2aa657a57eb84f59951cf6ccf821278d7f9339e8d65a2ab48f2cc6
phase39-32-dns-remediation-plan,generated/phase39-32-dns-remediation-plan.md,NET-39-01 — Minimal Durable Fix for Execution-Plane Resolution of `iriswebapp_nginx` (Overlay Attach with Alias),39,2026-08-25,GENERATED-AUDIT,APPROVED-FOR-APPLY → superseded by phase39-33 (APPLIED),8108eac58e67311c9ad0c7bba02203a271bfb5387f2cff2d930fb8b1ad540986
phase39-33-dns-remediation-apply,generated/phase39-33-dns-remediation-apply.md,"NET-39-01-APPLY — Overlay Network Attach Executed, Validated From the Exact Execution Environment, Status APPLIED",39,2026-08-25,GENERATED-AUDIT,APPLIED,a549f14dc0f6b9aabc3f20bd28c70eb62724cbc8c6a47b0d786e7aced3ec68cf
phase39-34-iris-consecutive-deliveries,generated/phase39-34-iris-consecutive-deliveries.md,THE PROOF RECORD — Three Consecutive API-Triggered Executions Delivered to IRIS With DB-Cross-Verified Alert Creation,39,2026-08-25,GENERATED-AUDIT,PASS — 3-consecutive-delivery criterion MET,706c945184debc061ee256661bc402f3795d47816d6a3d2a106d093bf53b77cb
phase39-35-iris-failure-alert,generated/phase39-35-iris-failure-alert.md,Lightweight Execution-Outcome Monitor (Implemented as Script) — Delivered/Failed/Aborted Classification With Runbook and Recovery Test,39,2026-08-25,GENERATED-AUDIT,IMPLEMENTED (script) + DESIGN NOTES for notification wiring,4cdeb682f4304bfeee68caccba6a9fd18b4b229727eb17a79c7c33ed3a07960d
phase39-36-routing-recertification,generated/phase39-36-routing-recertification.md,ROUT-39-01 — Conditional Recertification of Manual/API-Path IRIS Routing After DNS + Parameter Remediation,39,2026-08-25,GENERATED-AUDIT,CONDITIONAL-PASS,5577e7e66d820e1964f1c17d8e3f381ddbd7e2616e8920d22e86db5b442de612
phase39-37-wazuh-shuffle-config,generated/phase39-37-wazuh-shuffle-config.md,"Current ossec.conf Integration State, Canonical Shuffle Target Design, Prerequisites and Rollback — DESIGNED-NOT-APPLIED",39,2026-08-25,GENERATED-AUDIT,DESIGNED-NOT-APPLIED (owner gate: webhook creation requires UI action),c0b6a7f8b88e3a7eedc435bb2d3b37c6fd4ae4180e68906990e33569059ca0b8
phase39-38-packet-workflow-baseline,generated/phase39-38-packet-workflow-baseline.md,"P38 Packet-Workflow Design vs Current Estate — Routing Lanes, SID Evidence Inventory, and the Standing Decision That a Dedicated Lane Remains Required",39,2026-08-25,GENERATED-AUDIT,COMPLETE,9e0826484bc137318a327cf6ee27a2c68c1c3ea1460f07937fc8508e64ccc3bf
phase39-39-packet-workflow-build,generated/phase39-39-packet-workflow-build.md,Import-Ready Packet Workflow Artifact Finalized and Validated; Raw-API Creation Attempted → 401 (UI-Gated Confirmed),39,2026-08-25,GENERATED-AUDIT,"NOT-BUILT-API-GATED — artifact COMPLETE, platform creation blocked",617756c3cbe7610604b42a210cfb78bebdc0bd1d2088b344b988f9cbfc61df19
phase39-40-packet-workflow-replay,generated/phase39-40-packet-workflow-replay.md,"Three-Identical-Events Replay Protocol (Dedup Semantics, Expectations, and Execution Procedure) — BLOCKED-WITH-PROTOCOL-READY",39,2026-08-25,GENERATED-AUDIT,BLOCKED-WITH-PROTOCOL-READY,ed22e62c546d76319e90d13f3f27b727ff8feb72cc15b88f19db4c93a4e45751
phase39-41-packet-workflow-failure,generated/phase39-41-packet-workflow-failure.md,Fault-Injection Matrix for the Packet Lane (Malformed / Datastore-Down / Downstream-Unreachable / Auth-Fail) With Guardrail-Independence Assertion — BLOCKED-MATRIX-DEFINED,39,2026-08-25,GENERATED-AUDIT,BLOCKED-MATRIX-DEFINED (workflow not yet on platform; matrix pre-committed),84926b9a4bd11fa5621b3d3433d313e5c3444fadb7b2d72c49054c0bb6e9cdd2
phase39-42-packet-routing-decision,generated/phase39-42-packet-routing-decision.md,"Packet/Suricata Lane Routing Decision — DEFERRED (Build API-Gated; Proofs Blocked) With Precommitted Preconditions, Limits, and Kill Switch",39,2026-08-25,GENERATED-AUDIT,DEFERRED,ea1115badcaa97dcd046383bf416c8b60f8e90a8e227d7de1824895864ea5c2d
phase39-43-migration-precheck,generated/phase39-43-migration-precheck.md,Phase 39-43 Migration Precheck — GO/NO-GO Gates Before Copy-First Apply (APPLY-39-01),39,2026-08-25,GENERATED-AUDIT,PASS,6ac72c078a3a547d584b6d9031c5fda82f365e563dc109a01f3fbbdc6f7395e7
phase39-44-migration-manifest-freeze,generated/phase39-44-migration-manifest-freeze.md,"Phase 39-44 Migration Manifest Freeze — APPLY-39-01 Row Set, Classes, and Rollback Basis",39,2026-08-25,GENERATED-AUDIT,COMPLETE,f58b539f0acbcb6be2625d8111aa33f5b5080e86ee5cc9446418860c57667627
phase39-45-migration-apply,generated/phase39-45-migration-apply.md,Phase 39-45 Migration Apply Log APPLY-39-01 — Copy-First Execution Against Frozen Manifest,39,2026-08-25,GENERATED-AUDIT,COMPLETE,22cafd316700f835621540cea87c7a91bf0d8f423775f1c0a0c5d326e8ed6293
phase39-46-link-rewrite,generated/phase39-46-link-rewrite.md,Phase 39-46 Active-Doc Reference Updates — Canonical Navigation Without Rewriting History,39,2026-08-25,GENERATED-AUDIT,COMPLETE,6e3a6d8cfaec03b33c3f3105164e2a73ce736690bbacb69666c150759bd64631
phase39-47-alias-source-map,generated/phase39-47-alias-source-map.md,"Phase 39-47 Source-Map Validation — 25-Row Spot Check, Supersession Chains, Evidence Orphans",39,2026-08-25,GENERATED-AUDIT,PASS,6f8b2852b4a56ba4c7e5fa2480b346868b9745aa702a7c2283e360b5a7eecfea
phase39-48-migration-hash-verify,generated/phase39-48-migration-hash-verify.md,"Phase 39-48 Full Hash Verification — All Rows, Source and Destination, vs Frozen Manifest",39,2026-08-25,GENERATED-AUDIT,PASS,68b8b2915b2ed666999419828b7da19ece613a8f5e27ba794af547898b68855c
phase39-49-migration-link-verify,generated/phase39-49-migration-link-verify.md,Phase 39-49 Link Integrity — Relative .md Links Across the Canonical Tree,39,2026-08-25,GENERATED-AUDIT,PASS,c5cfb6413c5bf39ba69248bfad90d1c2c6594895edc4d957d2f79ad34f464d89
phase39-50-migration-catalog-verify,generated/phase39-50-migration-catalog-verify.md,"Phase 39-50 Catalog Reconciliation — catalog-reports vs Filesystem, Drift Appended with Real Hashes",39,2026-08-25,GENERATED-AUDIT,COMPLETE,11c1cff4cda63dbd0cbe430ccdcae146414609e47a07ae25fd2042aea2785fdf
phase39-51-migration-rollback-test,generated/phase39-51-migration-rollback-test.md,"Phase 39-51 Rollback Test — DRY-RUN ONLY on Temp Clone, Zero Production Deletion",39,2026-08-25,GENERATED-AUDIT,PASS,3b9174fda1d9c096d29a3acf67ac66407b853fda189598827b24033bcc374956
phase39-52-report-ci-postmigration,generated/phase39-52-report-ci-postmigration.md,Phase 39-52 Post-Migration CI — p38 Report Suite Green + New p39 Canonical Gate (Executed),39,2026-08-25,GENERATED-AUDIT,PASS,fae17c1501456f659571967819d65a7e7664218bb2a52be3548f4a75a1bde13c
phase39-53-agents-discovery,generated/phase39-53-agents-discovery.md,"Discovery of AGENTS.md / Agent-Instruction Files Across All Approved Roots — Result: ZERO Files, Create-First Arc",39,2026-08-25,GENERATED-AUDIT,COMPLETE,b51bb50c31a837dce87d6c138344e2b7fafae294dd5cd6c397036c62ad837829
phase39-54-agents-backup,generated/phase39-54-agents-backup.md,Pre-Create Backup Baseline (N/A-but-Documented) + Durable Backup Policy and Rollback Path for All Future AGENTS.md Edits,39,2026-08-25,GENERATED-AUDIT,COMPLETE,9e733444d729301fc35f890365261c9d4ea2ade07e40dbb2084e3f91d1ed89b5
phase39-55-agents-current-parse,generated/phase39-55-agents-current-parse.md,"Parse of Existing Agent-Instruction Sources (N/A) Substituted by Parse of De-Facto Sources: Pack README Safety Sections, Report Conventions, Script Conventions",39,2026-08-25,GENERATED-AUDIT,COMPLETE,aa1c3d74a64d82d4a8456e3235405e03d6ff03f527eb18fc521ecb8c7f7b2b0e
phase39-56-agents-report-truth-map,generated/phase39-56-agents-report-truth-map.md,"Corpus→AGENTS Truth Map: Every Durable Fact Candidates for AGENTS.md, Source-Linked; Volatile Items Excluded by Policy",39,2026-08-25,GENERATED-AUDIT,COMPLETE,7df27908373427b6024c0c2d494ab74079985698126d27b0872e88646e032d4c
phase39-57-agents-gap-audit,generated/phase39-57-agents-gap-audit.md,"Gap Audit vs Ideal Agent-File Content: Zero Baseline, Required Section Set, Corpus→AGENTS Consolidation Gaps, Ambiguity and Duplicate Risks",39,2026-08-25,GENERATED-AUDIT,COMPLETE,610f3b898d76c2a61a0d14487ae585b21efac6c6a91cdc9cac756103a7f6f0e5
phase39-58-agents-command-validation,generated/phase39-58-agents-command-validation.md,Live Validation of Every Command and Path Slated for AGENTS.md — All PASS; Credential Values Never Written to File Content,39,2026-08-25,GENERATED-AUDIT,COMPLETE,97cee85d83d1e225c95be04a518ca89ed1cbff007830e69c550dda8a16a1a208
phase39-59-agents-safety-validation,generated/phase39-59-agents-safety-validation.md,Each Standing Safety Rule Mapped to MUST/MUST NOT Wording + Enforcement Hook; Verified Non-Conflicting with Repo Code,39,2026-08-25,GENERATED-AUDIT,COMPLETE,a0f2ee537467595a05b3466cf1276bd10fddede5cd8c856dde6fbfc0013d15d8
phase39-60-agents-dynamic-state-policy,generated/phase39-60-agents-dynamic-state-policy.md,"Dynamic-State Policy: Enumerated Forbidden Volatile Classes, Replacement Pointer Lines, Refresh Cadence Ownership",39,2026-08-25,GENERATED-AUDIT,COMPLETE,23b220b3e235ddb2d868016c088624483d1913bd85bd8fc016f96ee451d85aad
phase39-61-agents-proposed-diff,generated/phase39-61-agents-proposed-diff.md,"Complete Proposed AGENTS.md Text, Every Section Annotated with Source IDs; Ready for Dry Run",39,2026-08-25,GENERATED-AUDIT,COMPLETE,b8e6456b91a3013b23b32646c0d0fc21b7933a740ffa827f531fe196e37a2811
phase39-62-agents-dryrun,generated/phase39-62-agents-dryrun.md,Dry Run of Proposed AGENTS.md Against All Gates Before Apply — Verdict READY,39,2026-08-25,GENERATED-AUDIT,COMPLETE,6fd35e1204f3613aefab8e872da60ff70e52b3e7189d7212d0a41de99fd86541
phase39-63-agents-apply,generated/phase39-63-agents-apply.md,"Apply Record: /opt/mct-security-stack/AGENTS.md Written with Validated Content — Bytes, sha256, Timestamp Recorded",39,2026-08-25,GENERATED-AUDIT,COMPLETE,abb2c1236794e8e7ce4555e9be23982da37596baad34b59f3f614762b7c1dbae
phase39-64-agents-postvalidate,generated/phase39-64-agents-postvalidate.md,"Post-Apply Validation: Reread, Hash Equality vs Proposal, Secret Rescan, Path Resolution, Volatile Scan, Precedence Presence",39,2026-08-25,GENERATED-AUDIT,COMPLETE,7edfd9f409396f8a683ac533a0a8e244cceb442b4f1a3b41104af5bc185dad45
phase39-65-agents-change-ledger,generated/phase39-65-agents-change-ledger.md,"Change Ledger Entry CHG-39-AGENTS-01: Root AGENTS.md Creation with Sources, Verification Refs, and Rollback",39,2026-08-25,GENERATED-AUDIT,COMPLETE,e5e59af47a9c66493c541f7f2f95d6b3bd13c23c1fca2a2a3d88e01b9990c012
phase39-66-agents-governance-ci,generated/phase39-66-agents-governance-ci.md,"New Enforcement Script ops/scripts/p39-agents-ci.sh (9 Gates) — Created, chmod +x, Run Against Applied File: PASS",39,2026-08-25,GENERATED-AUDIT,COMPLETE,9563ff8ccd21e0d842092405997b26e1538e2ccea8b8312ede4ff8ce60fd3625
phase39-67-agents-drift,generated/phase39-67-agents-drift.md,AGENTS.md Claims vs Runtime: Each Assertion Tagged VERIFIED-TODAY (with Evidence Command) or POINTER-STYLE (Drift-Immune); Residuals for Phase 40,39,2026-08-25,GENERATED-AUDIT,COMPLETE,7da33d2f8856d22689043336b9839f33d80d26e6eac7d39e0178a8296be05f40
